date;time;x;y;fx;fy
05/12/2022;10:39:22.690;121;-120;203;0
05/12/2022;10:39:22.737;122;-120;203;0
05/12/2022;10:39:22.799;124;-120;203;0
05/12/2022;10:39:22.877;125;-120;203;0
05/12/2022;10:39:22.924;127;-120;203;0
05/12/2022;10:39:22.987;130;-120;203;0
05/12/2022;10:39:23.049;131;-120;0;0
05/12/2022;10:39:23.112;131;-120;0;0
05/12/2022;10:39:23.174;131;-120;0;0
05/12/2022;10:39:23.237;131;-120;0;0
05/12/2022;10:39:23.315;131;-120;0;0
05/12/2022;10:39:23.362;131;-120;0;0
05/12/2022;10:39:23.424;131;-120;0;0
05/12/2022;10:39:23.487;131;-120;0;0
05/12/2022;10:39:23.549;131;-120;0;0
05/12/2022;10:39:23.612;131;-120;0;0
05/12/2022;10:39:23.674;131;-120;101;0
05/12/2022;10:39:23.753;131;-120;101;0
05/12/2022;10:39:23.800;132;-120;101;0
05/12/2022;10:39:23.862;132;-120;101;0
05/12/2022;10:39:23.925;132;-120;101;0
05/12/2022;10:39:23.987;133;-120;123;0
05/12/2022;10:39:24.050;133;-116;123;345
05/12/2022;10:39:24.112;134;-111;123;345
05/12/2022;10:39:24.175;135;-103;123;345
05/12/2022;10:39:24.237;135;-98;123;345
05/12/2022;10:39:24.300;135;-94;36;345
05/12/2022;10:39:24.362;135;-90;36;377
05/12/2022;10:39:24.425;135;-83;36;377
05/12/2022;10:39:24.487;135;-79;36;377
05/12/2022;10:39:24.550;135;-75;36;377
05/12/2022;10:39:24.612;135;-72;59;377
05/12/2022;10:39:24.675;135;-64;59;594
05/12/2022;10:39:24.737;135;-61;59;594
05/12/2022;10:39:24.800;135;-57;59;594
05/12/2022;10:39:24.862;135;-53;59;594
05/12/2022;10:39:24.925;136;-46;66;611
05/12/2022;10:39:24.987;136;-42;66;611
05/12/2022;10:39:25.050;136;-38;66;611
05/12/2022;10:39:25.112;136;-35;66;611
05/12/2022;10:39:25.175;136;-27;87;611
05/12/2022;10:39:25.237;136;-24;87;643
05/12/2022;10:39:25.300;136;-20;87;643
05/12/2022;10:39:25.362;137;-16;87;643
05/12/2022;10:39:25.425;137;-9;87;643
05/12/2022;10:39:25.487;137;-5;124;643
05/12/2022;10:39:25.550;138;-1;124;644
05/12/2022;10:39:25.612;138;2;124;644
05/12/2022;10:39:25.675;139;5;124;644
05/12/2022;10:39:25.737;139;13;124;644
05/12/2022;10:39:25.800;140;17;124;644
05/12/2022;10:39:25.862;140;21;124;605
05/12/2022;10:39:25.925;141;24;124;605
05/12/2022;10:39:25.987;142;32;124;605
05/12/2022;10:39:26.050;142;36;124;605
05/12/2022;10:39:26.112;142;40;124;605
05/12/2022;10:39:26.175;143;44;124;605
05/12/2022;10:39:26.237;143;51;61;493
05/12/2022;10:39:26.300;143;55;61;493
05/12/2022;10:39:26.362;143;58;61;493
05/12/2022;10:39:26.425;143;62;61;493
05/12/2022;10:39:26.488;143;69;56;487
05/12/2022;10:39:26.550;143;73;56;487
05/12/2022;10:39:26.628;143;77;56;487
05/12/2022;10:39:26.675;144;84;56;487
05/12/2022;10:39:26.737;144;88;56;487
05/12/2022;10:39:26.800;144;92;0;403
05/12/2022;10:39:26.862;144;95;0;403
05/12/2022;10:39:26.925;144;103;0;403
05/12/2022;10:39:26.987;144;106;0;403
05/12/2022;10:39:27.050;144;110;0;403
05/12/2022;10:39:27.112;144;114;0;372
05/12/2022;10:39:27.175;144;121;0;372
05/12/2022;10:39:27.237;144;124;0;372
05/12/2022;10:39:27.300;144;128;0;372
05/12/2022;10:39:27.362;144;130;0;372
05/12/2022;10:39:27.425;144;130;0;147
05/12/2022;10:39:27.487;144;130;0;147
05/12/2022;10:39:27.550;144;130;0;147
05/12/2022;10:39:27.612;144;130;0;147
05/12/2022;10:39:27.675;144;130;0;147
05/12/2022;10:39:27.737;144;130;0;0
05/12/2022;10:39:27.800;144;130;0;0
05/12/2022;10:39:27.862;144;130;0;0
05/12/2022;10:39:27.925;144;130;0;0
05/12/2022;10:39:27.987;144;130;0;0
05/12/2022;10:39:28.050;144;130;0;0
05/12/2022;10:39:28.112;144;130;0;0
05/12/2022;10:39:28.175;144;130;-155;0
05/12/2022;10:39:28.253;143;130;-155;0
05/12/2022;10:39:28.316;141;130;-155;0
05/12/2022;10:39:28.378;139;130;-155;0
05/12/2022;10:39:28.425;138;130;-155;0
05/12/2022;10:39:28.487;137;130;-155;0
05/12/2022;10:39:28.550;133;130;-505;0
05/12/2022;10:39:28.612;129;130;-505;0
05/12/2022;10:39:28.675;122;130;-505;0
05/12/2022;10:39:28.737;118;130;-505;0
05/12/2022;10:39:28.800;114;130;-505;0
05/12/2022;10:39:28.862;110;130;-482;0
05/12/2022;10:39:28.925;106;130;-482;0
05/12/2022;10:39:28.988;99;128;-482;-98
05/12/2022;10:39:29.050;95;128;-482;-98
05/12/2022;10:39:29.113;91;127;-482;-98
05/12/2022;10:39:29.175;89;126;-100;-98
05/12/2022;10:39:29.237;88;124;-100;-256
05/12/2022;10:39:29.300;87;120;-100;-256
05/12/2022;10:39:29.363;87;117;-100;-256
05/12/2022;10:39:29.425;86;114;-100;-256
05/12/2022;10:39:29.487;86;107;0;-256
05/12/2022;10:39:29.550;86;104;0;-238
05/12/2022;10:39:29.613;86;101;0;-238
05/12/2022;10:39:29.675;86;98;0;-238
05/12/2022;10:39:29.737;86;93;-153;-238
05/12/2022;10:39:29.800;84;90;-153;-238
05/12/2022;10:39:29.863;83;87;-153;-317
05/12/2022;10:39:29.925;81;77;-153;-317
05/12/2022;10:39:29.988;80;72;-153;-317
05/12/2022;10:39:30.050;78;68;-508;-317
05/12/2022;10:39:30.113;75;64;-508;-317
05/12/2022;10:39:30.175;67;59;-508;-204
05/12/2022;10:39:30.238;62;56;-508;-204
05/12/2022;10:39:30.300;58;54;-508;-204
05/12/2022;10:39:30.363;53;52;-743;-204
05/12/2022;10:39:30.425;49;50;-743;-204
05/12/2022;10:39:30.488;41;44;-743;-284
05/12/2022;10:39:30.550;37;41;-743;-284
05/12/2022;10:39:30.613;34;37;-743;-284
05/12/2022;10:39:30.675;30;34;-743;-284
05/12/2022;10:39:30.738;23;28;-616;-284
05/12/2022;10:39:30.800;19;24;-616;-245
05/12/2022;10:39:30.863;16;21;-616;-245
05/12/2022;10:39:30.925;12;18;-616;-245
05/12/2022;10:39:30.988;5;11;-616;-245
05/12/2022;10:39:31.066;2;8;-424;-245
05/12/2022;10:39:31.113;-1;5;-424;-187
05/12/2022;10:39:31.175;-4;3;-424;-187
05/12/2022;10:39:31.238;-11;0;-424;-187
05/12/2022;10:39:31.300;-15;-1;-424;-187
05/12/2022;10:39:31.363;-18;-3;-362;-187
05/12/2022;10:39:31.425;-25;-9;-362;-243
05/12/2022;10:39:31.488;-29;-12;-362;-243
05/12/2022;10:39:31.550;-32;-15;-362;-243
05/12/2022;10:39:31.613;-36;-19;-362;-243
05/12/2022;10:39:31.675;-42;-25;-224;-222
05/12/2022;10:39:31.738;-44;-27;-224;-222
05/12/2022;10:39:31.800;-47;-30;-224;-222
05/12/2022;10:39:31.878;-49;-32;-224;-222
05/12/2022;10:39:31.941;-54;-37;-164;-222
05/12/2022;10:39:32.003;-55;-40;-164;-291
05/12/2022;10:39:32.066;-56;-44;-164;-291
05/12/2022;10:39:32.128;-58;-47;-164;-291
05/12/2022;10:39:32.191;-60;-55;-164;-291
05/12/2022;10:39:32.253;-61;-59;-145;-291
05/12/2022;10:39:32.300;-62;-62;-145;-212
05/12/2022;10:39:32.378;-64;-65;-145;-212
05/12/2022;10:39:32.441;-66;-70;-145;-212
05/12/2022;10:39:32.488;-67;-73;-145;-212
05/12/2022;10:39:32.550;-68;-75;-145;-212
05/12/2022;10:39:32.613;-69;-78;-184;-212
05/12/2022;10:39:32.675;-73;-83;-184;-236
05/12/2022;10:39:32.738;-74;-85;-184;-236
05/12/2022;10:39:32.816;-76;-88;-184;-236
05/12/2022;10:39:32.878;-78;-91;-184;-236
05/12/2022;10:39:32.941;-83;-98;-231;-315
05/12/2022;10:39:33.003;-85;-102;-231;-315
05/12/2022;10:39:33.066;-87;-107;-231;-315
05/12/2022;10:39:33.128;-92;-117;-231;-315
05/12/2022;10:39:33.191;-94;-121;-226;-315
05/12/2022;10:39:33.253;-97;-124;-226;-145
05/12/2022;10:39:33.316;-99;-125;-226;-145
05/12/2022;10:39:33.394;-104;-128;-226;-145
05/12/2022;10:39:33.441;-106;-129;-226;-145
05/12/2022;10:39:33.503;-107;-130;-30;-145
05/12/2022;10:39:33.582;-107;-130;-30;0
05/12/2022;10:39:33.628;-107;-130;-30;0
05/12/2022;10:39:33.691;-107;-130;-30;0
05/12/2022;10:39:33.753;-107;-130;-30;0
05/12/2022;10:39:33.816;-107;-130;0;0
05/12/2022;10:39:33.878;-107;-130;148;0
05/12/2022;10:39:33.941;-106;-130;148;0
05/12/2022;10:39:34.003;-105;-130;148;0
05/12/2022;10:39:34.050;-105;-130;148;0
05/12/2022;10:39:34.113;-104;-130;148;0
05/12/2022;10:39:34.175;-102;-130;782;34
05/12/2022;10:39:34.254;-99;-130;782;34
05/12/2022;10:39:34.316;-95;-130;782;34
05/12/2022;10:39:34.379;-88;-130;782;34
05/12/2022;10:39:34.441;-84;-129;782;74
05/12/2022;10:39:34.504;-81;-129;970;74
05/12/2022;10:39:34.566;-85;-129;970;74
05/12/2022;10:39:34.613;-88;-129;970;74
05/12/2022;10:39:34.675;-96;-128;970;74
05/12/2022;10:39:34.738;-100;-128;970;0
05/12/2022;10:39:34.816;-104;-128;970;0
05/12/2022;10:39:34.878;-101;-128;1418;0
05/12/2022;10:39:34.941;-94;-128;1418;0
05/12/2022;10:39:35.019;-90;-128;1418;0
05/12/2022;10:39:35.066;-86;-128;1418;0
05/12/2022;10:39:35.129;-79;-128;814;61
05/12/2022;10:39:35.207;-75;-128;814;61
05/12/2022;10:39:35.269;-72;-127;814;61
05/12/2022;10:39:35.332;-64;-127;814;61
05/12/2022;10:39:35.394;-60;-127;814;52
05/12/2022;10:39:35.457;-57;-127;821;52
05/12/2022;10:39:35.519;-53;-127;821;52
05/12/2022;10:39:35.582;-49;-126;821;52
05/12/2022;10:39:35.644;-42;-126;821;52
05/12/2022;10:39:35.707;-38;-126;821;37
05/12/2022;10:39:35.769;-38;-126;1019;37
05/12/2022;10:39:35.832;-46;-126;1019;37
05/12/2022;10:39:35.879;-46;-126;1019;37
05/12/2022;10:39:35.941;-53;-126;1019;37
05/12/2022;10:39:36.004;-56;-126;1019;0
05/12/2022;10:39:36.066;-60;-126;1209;0
05/12/2022;10:39:36.129;-67;-126;1209;0
05/12/2022;10:39:36.207;-71;-126;1209;0
05/12/2022;10:39:36.269;-74;-126;1209;0
05/12/2022;10:39:36.332;-82;-126;1253;0
05/12/2022;10:39:36.379;-82;-126;1253;0
05/12/2022;10:39:36.426;-89;-126;1253;0
05/12/2022;10:39:36.504;-93;-126;1253;0
05/12/2022;10:39:36.566;-96;-126;1253;0
05/12/2022;10:39:36.629;-103;-126;1016;0
05/12/2022;10:39:36.691;-107;-126;1016;0
05/12/2022;10:39:36.754;-111;-126;1016;0
05/12/2022;10:39:36.816;-114;-126;1016;0
05/12/2022;10:39:36.879;-118;-126;1016;0
05/12/2022;10:39:36.941;-125;-126;1016;0
05/12/2022;10:39:36.988;-128;-126;1188;0
05/12/2022;10:39:37.051;-132;-126;1188;0
05/12/2022;10:39:37.129;-135;-126;1188;0
05/12/2022;10:39:37.176;-143;-126;1188;0
05/12/2022;10:39:37.238;-146;-126;1188;0
05/12/2022;10:39:37.301;-150;-126;1072;0
05/12/2022;10:39:37.379;-154;-126;1072;0
05/12/2022;10:39:37.426;-161;-126;1072;0
05/12/2022;10:39:37.488;-164;-126;1072;0
05/12/2022;10:39:37.551;-168;-126;1072;0
05/12/2022;10:39:37.613;-171;-126;969;0
05/12/2022;10:39:37.691;-179;-126;969;0
05/12/2022;10:39:37.754;-182;-126;969;0
05/12/2022;10:39:37.816;-186;-126;969;0
05/12/2022;10:39:37.879;-189;-126;764;0
05/12/2022;10:39:37.957;-186;-126;764;0
05/12/2022;10:39:38.019;-182;-126;764;0
05/12/2022;10:39:38.082;-175;-126;764;0
05/12/2022;10:39:38.144;-171;-126;764;0
05/12/2022;10:39:38.191;-167;-126;807;0
05/12/2022;10:39:38.254;-164;-126;807;0
05/12/2022;10:39:38.316;-160;-126;807;0
05/12/2022;10:39:38.379;-156;-126;807;0
05/12/2022;10:39:38.441;-149;-126;807;0
05/12/2022;10:39:38.504;-145;-126;553;0
05/12/2022;10:39:38.566;-142;-126;553;0
05/12/2022;10:39:38.644;-134;-126;553;0
05/12/2022;10:39:38.707;-131;-126;553;0
05/12/2022;10:39:38.769;-127;-126;553;0
05/12/2022;10:39:38.832;-120;-126;490;0
05/12/2022;10:39:38.879;-120;-126;490;0
05/12/2022;10:39:38.942;-112;-126;490;0
05/12/2022;10:39:39.004;-109;-126;490;0
05/12/2022;10:39:39.066;-105;-126;490;0
05/12/2022;10:39:39.129;-98;-126;491;0
05/12/2022;10:39:39.207;-94;-126;491;0
05/12/2022;10:39:39.270;-91;-126;491;0
05/12/2022;10:39:39.332;-87;-126;491;0
05/12/2022;10:39:39.394;-80;-126;491;0
05/12/2022;10:39:39.457;-76;-126;419;0
05/12/2022;10:39:39.488;-72;-126;419;0
05/12/2022;10:39:39.566;-69;-126;419;0
05/12/2022;10:39:39.629;-65;-126;419;0
05/12/2022;10:39:39.691;-58;-126;419;0
05/12/2022;10:39:39.754;-54;-126;410;0
05/12/2022;10:39:39.817;-51;-126;410;0
05/12/2022;10:39:39.879;-47;-126;410;0
05/12/2022;10:39:39.941;-40;-126;410;0
05/12/2022;10:39:40.004;-36;-126;410;0
05/12/2022;10:39:40.066;-32;-126;401;0
05/12/2022;10:39:40.145;-25;-126;401;0
05/12/2022;10:39:40.207;-21;-126;401;0
05/12/2022;10:39:40.270;-18;-126;401;0
05/12/2022;10:39:40.317;-14;-126;401;0
05/12/2022;10:39:40.379;-10;-126;389;0
05/12/2022;10:39:40.457;-3;-126;389;0
05/12/2022;10:39:40.520;0;-126;389;0
05/12/2022;10:39:40.582;7;-126;389;0
05/12/2022;10:39:40.629;7;-126;389;0
05/12/2022;10:39:40.692;14;-126;375;0
05/12/2022;10:39:40.754;19;-126;375;0
05/12/2022;10:39:40.832;24;-126;375;0
05/12/2022;10:39:40.895;33;-126;375;27
05/12/2022;10:39:40.942;38;-126;375;27
05/12/2022;10:39:41.004;42;-126;323;27
05/12/2022;10:39:41.082;46;-126;323;27
05/12/2022;10:39:41.145;52;-126;323;27
05/12/2022;10:39:41.207;55;-126;323;27
05/12/2022;10:39:41.238;59;-126;323;60
05/12/2022;10:39:41.317;62;-126;323;60
05/12/2022;10:39:41.379;65;-126;308;60
05/12/2022;10:39:41.442;71;-125;308;60
05/12/2022;10:39:41.520;74;-125;308;60
05/12/2022;10:39:41.582;77;-125;308;60
05/12/2022;10:39:41.629;80;-125;308;106
05/12/2022;10:39:41.692;84;-124;268;106
05/12/2022;10:39:41.754;87;-123;268;106
05/12/2022;10:39:41.832;89;-123;268;106
05/12/2022;10:39:41.895;94;-121;268;124
05/12/2022;10:39:41.942;96;-121;281;124
05/12/2022;10:39:42.004;99;-120;281;124
05/12/2022;10:39:42.067;102;-119;281;124
05/12/2022;10:39:42.145;108;-118;281;124
05/12/2022;10:39:42.207;111;-117;281;124
05/12/2022;10:39:42.254;113;-117;246;124
05/12/2022;10:39:42.317;116;-116;246;124
05/12/2022;10:39:42.395;120;-114;246;124
05/12/2022;10:39:42.473;122;-114;246;124
05/12/2022;10:39:42.504;124;-113;246;124
05/12/2022;10:39:42.567;126;-112;215;72
05/12/2022;10:39:42.645;129;-112;215;72
05/12/2022;10:39:42.692;131;-112;215;72
05/12/2022;10:39:42.754;132;-111;215;72
05/12/2022;10:39:42.832;134;-111;215;72
05/12/2022;10:39:42.895;135;-111;34;0
05/12/2022;10:39:42.942;135;-111;34;0
05/12/2022;10:39:43.020;135;-111;34;0
05/12/2022;10:39:43.082;135;-111;34;0
05/12/2022;10:39:43.145;135;-111;0;423
05/12/2022;10:39:43.192;135;-107;0;423
05/12/2022;10:39:43.270;135;-104;0;423
05/12/2022;10:39:43.332;135;-100;0;423
05/12/2022;10:39:43.379;135;-96;-33;423
05/12/2022;10:39:43.442;135;-89;-33;404
05/12/2022;10:39:43.520;135;-85;-33;404
05/12/2022;10:39:43.567;135;-82;-33;404
05/12/2022;10:39:43.629;135;-78;-33;404
05/12/2022;10:39:43.692;135;-71;-33;404
05/12/2022;10:39:43.770;131;-66;-396;404
05/12/2022;10:39:43.817;126;-61;-396;559
05/12/2022;10:39:43.895;117;-52;-396;559
05/12/2022;10:39:43.973;112;-47;-396;559
05/12/2022;10:39:44.004;107;-42;-396;559
05/12/2022;10:39:44.082;108;-37;-913;559
05/12/2022;10:39:44.161;118;-28;-913;457
05/12/2022;10:39:44.192;123;-23;-913;457
05/12/2022;10:39:44.270;128;-18;-913;457
05/12/2022;10:39:44.332;132;-8;-471;457
05/12/2022;10:39:44.395;128;-6;-471;161
05/12/2022;10:39:44.473;124;-4;-471;161
05/12/2022;10:39:44.504;121;-3;-471;161
05/12/2022;10:39:44.582;117;-2;-471;161
05/12/2022;10:39:44.645;110;0;-436;161
05/12/2022;10:39:44.692;106;0;-436;106
05/12/2022;10:39:44.770;103;1;-436;106
05/12/2022;10:39:44.817;99;1;-436;106
05/12/2022;10:39:44.895;92;2;-436;106
05/12/2022;10:39:44.957;88;3;-299;106
05/12/2022;10:39:45.004;85;3;-299;0
05/12/2022;10:39:45.082;77;3;-299;0
05/12/2022;10:39:45.129;77;3;-299;0
05/12/2022;10:39:45.207;69;3;-299;0
05/12/2022;10:39:45.254;66;3;-288;0
05/12/2022;10:39:45.332;58;3;-288;46
05/12/2022;10:39:45.379;54;3;-288;46
05/12/2022;10:39:45.457;50;3;-288;46
05/12/2022;10:39:45.536;47;3;-288;46
05/12/2022;10:39:45.567;43;3;-261;46
05/12/2022;10:39:45.645;37;4;-261;148
05/12/2022;10:39:45.723;33;5;-261;148
05/12/2022;10:39:45.771;30;6;-261;148
05/12/2022;10:39:45.801;27;7;-261;148
05/12/2022;10:39:45.880;23;8;-261;148
05/12/2022;10:39:45.926;21;9;-226;148
05/12/2022;10:39:46.004;16;13;-226;214
05/12/2022;10:39:46.051;14;15;-226;214
05/12/2022;10:39:46.129;11;17;-226;214
05/12/2022;10:39:46.223;6;21;-224;214
05/12/2022;10:39:46.270;4;23;-224;229
05/12/2022;10:39:46.301;2;25;-224;229
05/12/2022;10:39:46.379;-2;30;-224;229
05/12/2022;10:39:46.426;-2;30;-224;229
05/12/2022;10:39:46.504;-7;34;-291;229
05/12/2022;10:39:46.551;-11;36;-291;172
05/12/2022;10:39:46.629;-14;37;-291;172
05/12/2022;10:39:46.692;-21;40;-291;172
05/12/2022;10:39:46.739;-24;41;-291;172
05/12/2022;10:39:46.817;-27;43;-279;172
05/12/2022;10:39:46.895;-34;46;-279;211
05/12/2022;10:39:46.942;-37;48;-279;211
05/12/2022;10:39:46.989;-40;50;-279;211
05/12/2022;10:39:47.067;-43;52;-279;211
05/12/2022;10:39:47.145;-48;57;-185;282
05/12/2022;10:39:47.192;-50;60;-185;282
05/12/2022;10:39:47.270;-51;63;-185;282
05/12/2022;10:39:47.317;-53;66;-185;282
05/12/2022;10:39:47.395;-56;73;-112;282
05/12/2022;10:39:47.442;-56;73;-112;282
05/12/2022;10:39:47.520;-57;81;-112;335
05/12/2022;10:39:47.551;-58;86;-112;335
05/12/2022;10:39:47.629;-59;91;-112;335
05/12/2022;10:39:47.676;-59;96;-112;335
05/12/2022;10:39:47.755;-63;105;-257;0
05/12/2022;10:39:47.802;-66;106;-257;0
05/12/2022;10:39:47.895;-71;106;-257;0
05/12/2022;10:39:47.927;-71;106;-257;0
05/12/2022;10:39:48.005;-77;106;-257;0
05/12/2022;10:39:48.051;-82;106;-346;0
05/12/2022;10:39:48.130;-88;106;-346;0
05/12/2022;10:39:48.176;-93;106;-346;0
05/12/2022;10:39:48.254;-104;106;-346;0
05/12/2022;10:39:48.333;-110;106;-346;0
05/12/2022;10:39:48.365;-113;106;-178;0
05/12/2022;10:39:48.443;-116;106;-178;74
05/12/2022;10:39:48.489;-117;107;-178;74
05/12/2022;10:39:48.583;-119;107;-178;74
05/12/2022;10:39:48.615;-120;107;-178;74
05/12/2022;10:39:48.693;-121;109;0;428
05/12/2022;10:39:48.755;-121;113;0;428
05/12/2022;10:39:48.833;-121;120;0;428
05/12/2022;10:39:48.896;-121;124;0;428
05/12/2022;10:39:48.943;-121;128;0;428
05/12/2022;10:39:49.021;-121;130;0;306
05/12/2022;10:39:49.083;-121;130;0;306
05/12/2022;10:39:49.130;-121;130;0;306
05/12/2022;10:39:49.208;-121;130;0;306
05/12/2022;10:39:49.240;-121;130;0;306
05/12/2022;10:39:49.318;-121;130;0;126
05/12/2022;10:39:49.396;-121;130;0;126
05/12/2022;10:39:49.427;-121;130;0;126
05/12/2022;10:39:49.505;-121;130;0;126
05/12/2022;10:39:49.552;-121;130;0;126
05/12/2022;10:39:49.615;-121;130;0;36
05/12/2022;10:39:49.693;-121;130;0;36
05/12/2022;10:39:49.740;-121;130;0;36
05/12/2022;10:39:49.818;-121;130;0;36
05/12/2022;10:39:49.896;-121;130;0;0
05/12/2022;10:39:49.943;-121;130;0;0
05/12/2022;10:39:50.021;-121;130;0;0
05/12/2022;10:39:50.052;-121;130;0;0
05/12/2022;10:39:50.130;-121;130;0;0
05/12/2022;10:39:50.177;-121;130;0;0
05/12/2022;10:39:50.255;-121;130;0;0
05/12/2022;10:39:50.333;-121;127;0;-284
05/12/2022;10:39:50.380;-121;123;0;-284
05/12/2022;10:39:50.459;-121;117;0;-284
05/12/2022;10:39:50.506;-121;113;0;-284
05/12/2022;10:39:50.583;-121;110;0;-284
05/12/2022;10:39:50.615;-121;106;0;-357
05/12/2022;10:39:50.693;-121;99;0;-357
05/12/2022;10:39:50.740;-121;95;0;-357
05/12/2022;10:39:50.818;-121;92;0;-357
05/12/2022;10:39:50.865;-121;88;0;-357
05/12/2022;10:39:50.943;-121;79;0;-315
05/12/2022;10:39:50.990;-121;74;0;-315
05/12/2022;10:39:51.068;-121;69;0;-315
05/12/2022;10:39:51.115;-121;65;0;-315
05/12/2022;10:39:51.193;-121;56;0;-238
05/12/2022;10:39:51.271;-121;53;0;-238
05/12/2022;10:39:51.318;-121;50;0;-238
05/12/2022;10:39:51.396;-121;45;0;-238
05/12/2022;10:39:51.427;-121;45;0;-238
05/12/2022;10:39:51.505;-121;39;0;-288
05/12/2022;10:39:51.552;-121;35;0;-288
05/12/2022;10:39:51.630;-121;32;0;-288
05/12/2022;10:39:51.677;-121;28;0;-288
05/12/2022;10:39:51.755;-121;21;0;-288
05/12/2022;10:39:51.834;-121;18;0;-216
05/12/2022;10:39:51.880;-121;15;0;-216
05/12/2022;10:39:51.959;-121;10;0;-216
05/12/2022;10:39:52.006;-121;8;0;-216
05/12/2022;10:39:52.084;-121;5;0;-216
05/12/2022;10:39:52.130;-121;2;0;-296
05/12/2022;10:39:52.177;-121;-1;0;-296
05/12/2022;10:39:52.255;-121;-11;0;-296
05/12/2022;10:39:52.302;-121;-15;0;-296
05/12/2022;10:39:52.396;-121;-25;0;-296
05/12/2022;10:39:52.427;-121;-25;0;-296
05/12/2022;10:39:52.506;-121;-29;58;-185
05/12/2022;10:39:52.568;-121;-31;58;-185
05/12/2022;10:39:52.646;-121;-35;58;-185
05/12/2022;10:39:52.693;-121;-37;58;-185
05/12/2022;10:39:52.740;-121;-40;58;-349
05/12/2022;10:39:52.834;-121;-43;0;-349
05/12/2022;10:39:52.881;-121;-47;0;-349
05/12/2022;10:39:52.927;-121;-51;0;-349
05/12/2022;10:39:53.005;-121;-58;0;-349
05/12/2022;10:39:53.052;-121;-61;0;-179
05/12/2022;10:39:53.131;-121;-62;27;-179
05/12/2022;10:39:53.177;-121;-64;27;-179
05/12/2022;10:39:53.255;-121;-68;27;-179
05/12/2022;10:39:53.302;-121;-69;27;-179
05/12/2022;10:39:53.381;-121;-72;27;-273
05/12/2022;10:39:53.443;-121;-75;0;-273
05/12/2022;10:39:53.521;-121;-82;0;-273
05/12/2022;10:39:53.568;-121;-85;0;-273
05/12/2022;10:39:53.646;-121;-91;0;-201
05/12/2022;10:39:53.693;-121;-91;0;-201
05/12/2022;10:39:53.771;-121;-96;0;-201
05/12/2022;10:39:53.802;-121;-98;0;-201
05/12/2022;10:39:53.896;-121;-102;0;-201
05/12/2022;10:39:53.943;-121;-104;0;-228
05/12/2022;10:39:54.021;-121;-106;0;-228
05/12/2022;10:39:54.068;-121;-109;0;-228
05/12/2022;10:39:54.146;-121;-114;0;-228
05/12/2022;10:39:54.193;-121;-117;0;-228
05/12/2022;10:39:54.240;-121;-119;0;-180
05/12/2022;10:39:54.334;-121;-121;0;-180
05/12/2022;10:39:54.381;-121;-123;0;-180
05/12/2022;10:39:54.459;-121;-126;0;-180
05/12/2022;10:39:54.506;-121;-128;0;-180
05/12/2022;10:39:54.552;-121;-130;0;-180
05/12/2022;10:39:54.631;-121;-130;0;-92
05/12/2022;10:39:54.693;-121;-130;28;-92
05/12/2022;10:39:54.771;-121;-130;28;-92
05/12/2022;10:39:54.803;-121;-130;28;-92
05/12/2022;10:39:54.896;-121;-130;28;-47
05/12/2022;10:39:54.943;-121;-130;28;-47
05/12/2022;10:39:54.990;-121;-130;110;-47
05/12/2022;10:39:55.084;-120;-130;110;-47
05/12/2022;10:39:55.131;-120;-130;110;-47
05/12/2022;10:39:55.177;-120;-130;110;-47
05/12/2022;10:39:55.271;-119;-130;110;-30
05/12/2022;10:39:55.318;-117;-130;460;-30
05/12/2022;10:39:55.396;-110;-130;460;-30
05/12/2022;10:39:55.459;-106;-130;460;-30
05/12/2022;10:39:55.506;-102;-130;460;0
05/12/2022;10:39:55.584;-97;-130;1034;0
05/12/2022;10:39:55.646;-97;-130;1034;0
05/12/2022;10:39:55.693;-101;-130;1034;0
05/12/2022;10:39:55.771;-108;-130;1034;0
05/12/2022;10:39:55.818;-112;-130;1034;0
05/12/2022;10:39:55.912;-119;-130;1751;0
05/12/2022;10:39:55.959;-122;-130;1751;0
05/12/2022;10:39:56.006;-126;-130;1751;0
05/12/2022;10:39:56.084;-130;-130;1751;0
05/12/2022;10:39:56.131;-133;-130;1751;0
05/12/2022;10:39:56.178;-137;-130;1751;0
05/12/2022;10:39:56.256;-136;-130;1379;0
05/12/2022;10:39:56.303;-133;-130;1379;0
05/12/2022;10:39:56.396;-125;-130;1379;0
05/12/2022;10:39:56.443;-125;-130;1379;0
05/12/2022;10:39:56.521;-118;-130;1379;0
05/12/2022;10:39:56.568;-120;-130;972;0
05/12/2022;10:39:56.631;-124;-130;972;0
05/12/2022;10:39:56.709;-131;-130;972;0
05/12/2022;10:39:56.756;-135;-130;972;0
05/12/2022;10:39:56.803;-138;-130;972;0
05/12/2022;10:39:56.896;-132;-130;1450;0
05/12/2022;10:39:56.959;-129;-130;1450;0
05/12/2022;10:39:57.006;-125;-130;1450;0
05/12/2022;10:39:57.084;-121;-130;1450;0
05/12/2022;10:39:57.131;-118;-130;1450;0
05/12/2022;10:39:57.193;-118;-130;1012;0
05/12/2022;10:39:57.271;-126;-130;1012;0
05/12/2022;10:39:57.318;-129;-130;1012;0
05/12/2022;10:39:57.365;-133;-130;1012;0
05/12/2022;10:39:57.459;-136;-130;1451;0
05/12/2022;10:39:57.506;-132;-130;1451;0
05/12/2022;10:39:57.553;-129;-130;1451;0
05/12/2022;10:39:57.646;-121;-130;1451;0
05/12/2022;10:39:57.693;-118;-130;1451;0
05/12/2022;10:39:57.740;-114;-130;604;0
05/12/2022;10:39:57.834;-111;-130;604;0
05/12/2022;10:39:57.896;-107;-130;604;0
05/12/2022;10:39:57.943;-103;-130;604;0
05/12/2022;10:39:58.037;-96;-130;604;0
05/12/2022;10:39:58.084;-92;-130;344;0
05/12/2022;10:39:58.131;-87;-130;344;0
05/12/2022;10:39:58.225;-78;-130;344;0
05/12/2022;10:39:58.272;-73;-130;344;0
05/12/2022;10:39:58.318;-68;-130;344;0
05/12/2022;10:39:58.381;-64;-130;441;0
05/12/2022;10:39:58.443;-57;-130;441;0
05/12/2022;10:39:58.490;-53;-130;441;0
05/12/2022;10:39:58.584;-49;-130;441;0
05/12/2022;10:39:58.631;-46;-130;441;0
05/12/2022;10:39:58.678;-42;-130;441;0
05/12/2022;10:39:58.772;-35;-130;566;0
05/12/2022;10:39:58.818;-31;-130;566;0
05/12/2022;10:39:58.912;-24;-130;566;0
05/12/2022;10:39:58.959;-20;-130;566;0
05/12/2022;10:39:59.006;-17;-130;572;0
05/12/2022;10:39:59.053;-13;-130;572;0
05/12/2022;10:39:59.147;-6;-130;572;0
05/12/2022;10:39:59.193;-2;-130;572;0
05/12/2022;10:39:59.240;1;-130;572;0
05/12/2022;10:39:59.334;4;-130;528;0
05/12/2022;10:39:59.397;8;-130;528;0
05/12/2022;10:39:59.443;15;-130;528;0
05/12/2022;10:39:59.490;19;-130;528;0
05/12/2022;10:39:59.584;23;-130;528;0
05/12/2022;10:39:59.647;26;-130;500;0
05/12/2022;10:39:59.693;34;-130;500;0
05/12/2022;10:39:59.740;37;-130;500;0
05/12/2022;10:39:59.834;41;-130;500;0
05/12/2022;10:39:59.881;44;-130;500;0
05/12/2022;10:39:59.943;48;-130;443;0
05/12/2022;10:40:00.037;55;-130;443;0
05/12/2022;10:40:00.084;59;-130;443;0
05/12/2022;10:40:00.147;67;-130;443;0
05/12/2022;10:40:00.209;70;-130;316;0
05/12/2022;10:40:00.256;73;-130;316;0
05/12/2022;10:40:00.303;77;-130;316;0
05/12/2022;10:40:00.412;83;-130;316;0
05/12/2022;10:40:00.459;86;-130;316;0
05/12/2022;10:40:00.506;89;-130;60;0
05/12/2022;10:40:00.569;89;-130;60;0
05/12/2022;10:40:00.647;89;-130;60;0
05/12/2022;10:40:00.694;89;-130;60;0
05/12/2022;10:40:00.756;90;-130;60;0
05/12/2022;10:40:00.834;90;-130;177;0
05/12/2022;10:40:00.897;92;-130;177;0
05/12/2022;10:40:00.944;93;-130;177;0
05/12/2022;10:40:01.037;94;-130;177;0
05/12/2022;10:40:01.084;95;-130;177;0
05/12/2022;10:40:01.131;96;-130;177;0
05/12/2022;10:40:01.178;99;-130;430;0
05/12/2022;10:40:01.287;106;-130;430;0
05/12/2022;10:40:01.334;110;-130;430;0
05/12/2022;10:40:01.381;114;-130;430;0
05/12/2022;10:40:01.428;117;-130;430;0
05/12/2022;10:40:01.522;125;-130;429;0
05/12/2022;10:40:01.569;128;-130;429;0
05/12/2022;10:40:01.631;132;-130;429;0
05/12/2022;10:40:01.709;139;-130;429;0
05/12/2022;10:40:01.772;142;-130;237;0
05/12/2022;10:40:01.819;144;-130;237;0
05/12/2022;10:40:01.865;146;-130;237;0
05/12/2022;10:40:01.959;150;-130;237;0
05/12/2022;10:40:02.022;152;-130;237;0
05/12/2022;10:40:02.069;153;-130;0;0
05/12/2022;10:40:02.116;153;-130;0;0
05/12/2022;10:40:02.209;153;-130;0;0
05/12/2022;10:40:02.256;153;-130;-46;0
05/12/2022;10:40:02.319;153;-130;-46;0
05/12/2022;10:40:02.397;153;-129;-46;367
05/12/2022;10:40:02.459;153;-125;-46;367
05/12/2022;10:40:02.506;153;-121;-46;367
05/12/2022;10:40:02.569;153;-118;-281;367
05/12/2022;10:40:02.616;149;-114;-281;367
05/12/2022;10:40:02.709;142;-108;-281;403
05/12/2022;10:40:02.772;139;-104;-281;403
05/12/2022;10:40:02.819;136;-101;-281;403
05/12/2022;10:40:02.881;132;-97;-544;403
05/12/2022;10:40:02.944;123;-88;-544;403
05/12/2022;10:40:03.006;118;-83;-544;403
05/12/2022;10:40:03.053;115;-80;-544;297
05/12/2022;10:40:03.163;108;-73;-544;297
05/12/2022;10:40:03.209;104;-70;-773;297
05/12/2022;10:40:03.272;101;-66;-773;297
05/12/2022;10:40:03.319;97;-63;-773;297
05/12/2022;10:40:03.381;93;-61;-773;173
05/12/2022;10:40:03.444;89;-60;-773;173
05/12/2022;10:40:03.538;81;-57;-632;173
05/12/2022;10:40:03.585;77;-56;-632;173
05/12/2022;10:40:03.647;73;-54;-632;173
05/12/2022;10:40:03.694;64;-50;-632;220
05/12/2022;10:40:03.756;60;-48;-632;220
05/12/2022;10:40:03.803;55;-46;-565;220
05/12/2022;10:40:03.913;47;-41;-565;220
05/12/2022;10:40:03.959;42;-39;-565;234
05/12/2022;10:40:04.022;38;-37;-565;234
05/12/2022;10:40:04.069;33;-35;-565;234
05/12/2022;10:40:04.131;29;-33;-516;234
05/12/2022;10:40:04.178;25;-30;-516;234
05/12/2022;10:40:04.288;16;-26;-516;246
05/12/2022;10:40:04.334;11;-23;-516;246
05/12/2022;10:40:04.397;2;-19;-438;246
05/12/2022;10:40:04.460;-1;-17;-438;246
05/12/2022;10:40:04.506;-6;-14;-438;246
05/12/2022;10:40:04.569;-10;-12;-438;156
05/12/2022;10:40:04.663;-17;-10;-438;156
05/12/2022;10:40:04.725;-20;-9;-438;156
05/12/2022;10:40:04.772;-24;-8;-319;156
05/12/2022;10:40:04.835;-29;-7;-319;156
05/12/2022;10:40:04.882;-34;-6;-319;218
05/12/2022;10:40:04.944;-43;-2;-319;218
05/12/2022;10:40:05.006;-48;0;-319;218
05/12/2022;10:40:05.069;-53;1;-195;218
05/12/2022;10:40:05.131;-54;3;-195;218
05/12/2022;10:40:05.209;-58;7;-195;229
05/12/2022;10:40:05.256;-59;9;-195;229
05/12/2022;10:40:05.319;-61;12;-195;229
05/12/2022;10:40:05.381;-63;14;-195;229
05/12/2022;10:40:05.444;-64;16;-132;229
05/12/2022;10:40:05.538;-65;21;-132;241
05/12/2022;10:40:05.600;-66;23;-132;241
05/12/2022;10:40:05.647;-68;28;-132;241
05/12/2022;10:40:05.710;-70;31;-194;241
05/12/2022;10:40:05.756;-71;33;-194;241
05/12/2022;10:40:05.819;-73;36;-194;223
05/12/2022;10:40:05.882;-75;38;-194;223
05/12/2022;10:40:05.975;-78;42;-194;223
05/12/2022;10:40:06.022;-80;44;-176;223
05/12/2022;10:40:06.085;-81;46;-176;223
05/12/2022;10:40:06.147;-83;48;-176;246
05/12/2022;10:40:06.194;-85;53;-176;246
05/12/2022;10:40:06.256;-87;56;-176;246
05/12/2022;10:40:06.319;-88;58;-144;246
05/12/2022;10:40:06.413;-90;63;-144;231
05/12/2022;10:40:06.475;-91;66;-144;231
05/12/2022;10:40:06.538;-92;68;-144;231
05/12/2022;10:40:06.585;-93;70;-144;231
05/12/2022;10:40:06.647;-95;75;-98;231
05/12/2022;10:40:06.710;-95;78;-98;269
05/12/2022;10:40:06.756;-96;81;-98;269
05/12/2022;10:40:06.819;-96;84;-98;269
05/12/2022;10:40:06.928;-97;91;-90;269
05/12/2022;10:40:06.991;-98;94;-90;269
05/12/2022;10:40:07.053;-99;98;-90;142
05/12/2022;10:40:07.147;-100;100;-90;142
05/12/2022;10:40:07.210;-100;101;-91;142
05/12/2022;10:40:07.272;-101;102;-91;142
05/12/2022;10:40:07.319;-101;103;-91;142
05/12/2022;10:40:07.382;-102;104;-91;142
05/12/2022;10:40:07.475;-102;104;-91;66
05/12/2022;10:40:07.522;-103;105;-91;66
05/12/2022;10:40:07.585;-103;105;-112;66
05/12/2022;10:40:07.632;-104;105;-112;66
05/12/2022;10:40:07.694;-105;105;-112;66
05/12/2022;10:40:07.757;-106;106;-112;86
05/12/2022;10:40:07.850;-107;107;-77;86
05/12/2022;10:40:07.913;-107;107;-77;86
05/12/2022;10:40:07.960;-108;107;-77;86
05/12/2022;10:40:08.023;-108;108;-77;86
05/12/2022;10:40:08.069;-108;108;-77;151
05/12/2022;10:40:08.132;-109;109;-77;151
05/12/2022;10:40:08.194;-109;110;0;151
05/12/2022;10:40:08.257;-109;113;0;151
05/12/2022;10:40:08.350;-109;114;0;0
05/12/2022;10:40:08.413;-109;114;0;0
05/12/2022;10:40:08.460;-109;114;0;0
05/12/2022;10:40:08.522;-109;114;0;0
05/12/2022;10:40:08.569;-108;114;708;0
05/12/2022;10:40:08.632;-104;114;708;0
05/12/2022;10:40:08.679;-100;114;708;0
05/12/2022;10:40:08.788;-93;114;708;0
05/12/2022;10:40:08.835;-89;114;708;0
05/12/2022;10:40:08.913;-87;114;1315;0
05/12/2022;10:40:08.960;-87;114;1315;0
05/12/2022;10:40:09.007;-87;114;1315;0
05/12/2022;10:40:09.069;-87;114;1315;0
05/12/2022;10:40:09.163;-87;114;1618;0
05/12/2022;10:40:09.210;-91;114;1618;0
05/12/2022;10:40:09.272;-94;114;1618;0
05/12/2022;10:40:09.335;-98;114;1618;0
05/12/2022;10:40:09.397;-101;114;1618;0
05/12/2022;10:40:09.460;-109;114;1724;-27
05/12/2022;10:40:09.507;-112;114;1724;-27
05/12/2022;10:40:09.569;-116;114;1724;-27
05/12/2022;10:40:09.632;-119;114;1724;-27
05/12/2022;10:40:09.726;-127;114;1724;-27
05/12/2022;10:40:09.788;-130;114;1724;0
05/12/2022;10:40:09.835;-128;114;1448;0
05/12/2022;10:40:09.897;-121;114;1448;0
05/12/2022;10:40:09.960;-117;114;1448;0
05/12/2022;10:40:10.022;-113;114;1448;0
05/12/2022;10:40:10.069;-110;114;1448;0
05/12/2022;10:40:10.132;-106;114;436;0
05/12/2022;10:40:10.194;-102;114;436;0
05/12/2022;10:40:10.257;-95;114;436;0
05/12/2022;10:40:10.351;-88;114;436;0
05/12/2022;10:40:10.413;-84;114;436;0
05/12/2022;10:40:10.460;-82;114;172;0
05/12/2022;10:40:10.522;-81;114;172;0
05/12/2022;10:40:10.585;-80;114;172;0
05/12/2022;10:40:10.647;-79;114;172;0
05/12/2022;10:40:10.694;-78;114;172;0
05/12/2022;10:40:10.757;-76;114;172;0
05/12/2022;10:40:10.819;-74;114;520;0
05/12/2022;10:40:10.913;-66;114;520;0
05/12/2022;10:40:10.976;-63;114;520;0
05/12/2022;10:40:11.038;-59;114;520;0
05/12/2022;10:40:11.085;-56;114;520;0
05/12/2022;10:40:11.148;-48;114;459;0
05/12/2022;10:40:11.210;-44;114;459;0
05/12/2022;10:40:11.257;-41;114;459;0
05/12/2022;10:40:11.319;-37;114;459;0
05/12/2022;10:40:11.382;-34;114;459;0
05/12/2022;10:40:11.476;-26;114;488;0
05/12/2022;10:40:11.538;-23;114;488;0
05/12/2022;10:40:11.601;-19;114;488;0
05/12/2022;10:40:11.648;-12;114;488;0
05/12/2022;10:40:11.710;-8;114;474;0
05/12/2022;10:40:11.772;-4;114;474;0
05/12/2022;10:40:11.835;-1;114;474;0
05/12/2022;10:40:11.898;2;114;474;0
05/12/2022;10:40:11.944;9;114;474;0
05/12/2022;10:40:12.007;13;114;474;0
05/12/2022;10:40:12.069;17;114;462;0
05/12/2022;10:40:12.163;24;114;462;0
05/12/2022;10:40:12.226;28;114;462;0
05/12/2022;10:40:12.288;31;114;462;0
05/12/2022;10:40:12.351;35;114;462;0
05/12/2022;10:40:12.413;42;114;413;0
05/12/2022;10:40:12.460;46;114;413;0
05/12/2022;10:40:12.523;50;114;413;0
05/12/2022;10:40:12.585;53;114;413;0
05/12/2022;10:40:12.632;57;114;413;0
05/12/2022;10:40:12.695;66;114;371;0
05/12/2022;10:40:12.757;71;114;371;0
05/12/2022;10:40:12.819;75;114;371;0
05/12/2022;10:40:12.929;85;114;371;0
05/12/2022;10:40:12.976;88;114;184;0
05/12/2022;10:40:13.038;89;114;184;0
05/12/2022;10:40:13.101;91;114;184;0
05/12/2022;10:40:13.148;93;114;184;0
05/12/2022;10:40:13.210;94;114;184;0
05/12/2022;10:40:13.273;95;114;100;0
05/12/2022;10:40:13.335;95;114;100;0
05/12/2022;10:40:13.382;96;114;100;0
05/12/2022;10:40:13.445;96;114;100;0
05/12/2022;10:40:13.507;96;114;100;0
05/12/2022;10:40:13.601;97;114;148;0
05/12/2022;10:40:13.663;98;114;148;0
05/12/2022;10:40:13.726;99;114;148;0
05/12/2022;10:40:13.773;99;114;148;0
05/12/2022;10:40:13.835;100;114;148;0
05/12/2022;10:40:13.913;102;114;165;0
05/12/2022;10:40:13.960;102;114;165;0
05/12/2022;10:40:14.023;103;114;165;0
05/12/2022;10:40:14.085;104;114;165;0
05/12/2022;10:40:14.148;105;114;165;0
05/12/2022;10:40:14.210;106;114;77;0
05/12/2022;10:40:14.273;106;114;77;0
05/12/2022;10:40:14.335;106;114;77;0
05/12/2022;10:40:14.413;107;114;77;0
05/12/2022;10:40:14.476;107;114;77;0
05/12/2022;10:40:14.538;107;114;26;0
05/12/2022;10:40:14.616;107;114;26;0
05/12/2022;10:40:14.679;107;114;26;0
05/12/2022;10:40:14.788;107;114;26;0
05/12/2022;10:40:14.851;107;114;27;0
05/12/2022;10:40:14.913;107;114;27;0
05/12/2022;10:40:14.976;107;114;27;0
05/12/2022;10:40:15.054;107;114;27;0
05/12/2022;10:40:15.116;107;114;44;0
05/12/2022;10:40:15.241;107;114;44;0
